City_ID,City,Lat,Lng,Max Temp,Humidity,Cloudiness,Wind Speed,Country,Date
0,mola di bari,41.0609,17.0873,20.21,75,100,3.2,IT,1699379656
1,saiha,22.4833,92.9667,16.34,79,8,1.37,IN,1699379656
2,bolands,17.0657,-61.8747,30.61,74,40,3.09,AG,1699379656
3,iqaluit,63.7506,-68.5145,-9.15,78,100,3.09,CA,1699379652
4,grytviken,-54.2811,-36.5092,5.19,70,84,1.19,GS,1699379656
5,hiratacho,35.4333,132.8167,11.01,73,0,1.85,JP,1699379657
6,bredasdorp,-34.5322,20.0403,14.37,60,57,2.42,ZA,1699379657
7,guia lopes da laguna,-21.4578,-56.1142,41.73,12,6,2.36,BR,1699379657
8,port-aux-francais,-49.35,70.2167,3.5,76,76,10.51,TF,1699379657
9,stanley,54.868,-1.6985,7.77,89,20,4.12,GB,1699379657
10,north bay,46.3168,-79.4663,0.06,82,100,7.2,CA,1699379658
11,kilindoni,-7.9139,39.6668,26.45,77,0,4.03,TZ,1699379658
12,carnarvon,-24.8667,113.6333,20.7,76,0,8.31,AU,1699379658
13,puerto deseado,-47.7503,-65.8938,16.17,40,89,3.89,AR,1699379493
14,kochi,9.9399,76.2602,26.99,87,100,1.1,IN,1699379658
15,al ghayzah,16.2079,52.176,27.63,64,19,3.0,YE,1699379658
16,ponta delgada,37.7333,-25.6667,21.22,83,40,8.23,PT,1699379658
17,atafu village,-8.5421,-172.5159,28.29,80,82,6.39,TK,1699379659
18,waitangi,-43.9535,-176.5597,12.68,97,100,0.45,NZ,1699379659
19,lianzhou,24.7811,112.3825,18.24,84,97,0.65,CN,1699379659
20,xinmin,41.9908,122.8253,1.12,86,71,4.33,CN,1699379659
21,the pas,53.8251,-101.2541,-0.99,93,100,5.14,CA,1699379660
22,adamstown,-25.066,-130.1015,22.44,85,100,9.17,PN,1699379660
23,guerrero negro,27.9769,-114.0611,23.24,60,0,7.16,MX,1699379411
24,kongsvinger,60.1905,11.9977,2.48,99,100,0.75,NO,1699379660
25,albany,42.6001,-73.9662,16.87,75,41,6.08,US,1699379556
26,riberalta,-10.9833,-66.1,34.11,62,75,3.09,BO,1699379661
27,longyearbyen,78.2186,15.6401,-13.09,72,40,5.66,SJ,1699379661
28,akbarabad,29.2464,52.7793,16.79,39,0,1.27,IR,1699379662
29,turkestan,43.3333,68.25,14.03,45,98,1.68,KZ,1699379662
30,shalqar,47.8333,59.6,7.98,52,57,3.27,KZ,1699379662
31,oriximina,-1.7656,-55.8661,27.92,72,100,3.14,BR,1699379662
32,saldanha,-33.0117,17.9442,17.03,78,23,6.22,ZA,1699379662
33,klyuchi,52.2667,79.1667,-2.18,79,44,2.03,RU,1699379663
34,puerto natales,-51.7236,-72.4875,11.25,54,75,8.75,CL,1699379663
35,saint-philippe,-21.3585,55.7679,22.77,89,100,5.24,RE,1699379663
36,ushuaia,-54.8,-68.3,7.81,58,75,11.18,AR,1699379663
37,thompson,55.7435,-97.8558,-3.91,74,100,2.57,CA,1699379580
38,bayganin,48.6947,55.8742,9.55,60,100,3.99,KZ,1699379664
39,edinburgh of the seven seas,-37.0676,-12.3116,15.77,90,42,15.35,SH,1699379664
40,sol'-iletsk,51.1631,54.9918,7.8,61,99,6.11,RU,1699379664
41,blackmans bay,-43.0167,147.3167,12.07,94,92,1.69,AU,1699379664
42,taltal,-25.4,-70.4833,20.04,66,8,4.32,CL,1699379664
43,kununurra,-15.7667,128.7333,26.99,83,24,2.06,AU,1699379665
44,port alfred,-33.5906,26.891,16.21,84,15,2.24,ZA,1699379665
45,iskushuban,10.2837,50.23,25.06,72,100,6.01,SO,1699379665
46,papatowai,-46.5619,169.4708,7.82,89,98,2.28,NZ,1699379665
47,kabalo,-6.05,26.9167,23.98,76,72,1.29,CD,1699379665
48,georgetown,5.4112,100.3354,26.96,94,20,1.54,MY,1699379666
49,hawaiian paradise park,19.5933,-154.9731,24.94,97,20,2.06,US,1699379666
50,nar'yan-mar,67.6713,53.087,0.67,99,100,3.9,RU,1699379666
51,east london,-33.0153,27.9116,18.52,68,0,5.66,ZA,1699379666
52,bethel,41.3712,-73.414,16.68,75,0,4.12,US,1699379407
53,tiksi,71.6872,128.8694,-22.92,96,69,3.25,RU,1699379666
54,yellowknife,62.456,-114.3525,-5.33,97,100,3.6,CA,1699379667
55,island harbour,50.724,-1.2758,11.66,83,14,0.89,GB,1699379667
56,patamda,24.3,85.4167,18.39,56,0,1.92,IN,1699379667
57,ust-nera,64.5667,143.2,-27.3,99,99,0.39,RU,1699379667
58,cadale,2.7603,46.3222,27.87,76,76,4.48,SO,1699379667
59,adam,22.3756,57.5233,26.18,29,36,3.93,OM,1699379667
60,tura,25.5198,90.2201,17.9,89,7,1.34,IN,1699379667
61,tazovsky,67.4667,78.7,-4.86,96,100,6.55,RU,1699379668
62,hamilton,39.1834,-84.5333,23.29,44,0,2.57,US,1699379668
63,ust-kamenogorsk,49.9789,82.6103,-2.04,63,31,1.0,KZ,1699379668
64,ar ruways,24.1103,52.7306,27.3,53,5,5.64,AE,1699379668
65,ar raqqah,35.95,39.0167,22.96,37,0,3.34,SY,1699379624
66,basco,20.4487,121.9702,26.96,78,43,10.75,PH,1699379668
67,margaret river,-33.95,115.0667,10.95,92,33,3.45,AU,1699379669
68,san luis de la loma,17.2706,-100.8939,30.0,68,89,1.74,MX,1699379669
69,puerto baquerizo moreno,-0.9,-89.6,29.55,54,20,7.2,EC,1699379669
70,itaporanga,-7.3044,-38.1503,35.76,27,97,2.04,BR,1699379669
71,acapulco de juarez,16.8634,-99.8901,31.54,62,73,2.81,MX,1699379407
72,dunedin,-45.8742,170.5036,10.45,83,100,2.24,NZ,1699379533
73,nguigmi,14.2495,13.1092,30.31,17,60,3.58,NE,1699379670
74,college,64.8569,-147.8028,-8.01,87,100,0.0,US,1699379670
75,margate,51.3813,1.3862,10.39,78,9,2.68,GB,1699379670
76,kailua-kona,19.6406,-155.9956,24.72,87,75,2.57,US,1699379372
77,wailua homesteads,22.0669,-159.378,24.44,88,100,8.75,US,1699379670
78,sovetsk,55.0839,21.8785,8.74,77,100,4.82,RU,1699379670
79,benguela,-12.5763,13.4055,25.49,68,36,2.48,AO,1699379671
80,loei,17.4167,101.5,17.64,93,34,0.67,TH,1699379671
81,preston,53.7667,-2.7167,9.94,76,40,5.66,GB,1699379532
82,la passe,45.5549,-0.8967,10.13,83,50,4.04,FR,1699379671
83,ailuk,10.2197,169.9797,28.11,77,90,9.24,MH,1699379671
84,bardai,11.65,7.2333,26.4,22,47,2.9,NG,1699379671
85,kudahuvadhoo,2.6708,72.8944,26.1,84,100,0.67,MV,1699379672
86,anadyr,64.75,177.4833,-12.72,85,20,3.0,RU,1699379672
87,boa vista,2.8197,-60.6733,33.99,49,75,2.57,BR,1699379672
88,isafjordur,66.0755,-23.124,1.02,75,40,0.0,IS,1699379672
89,beroroha,-21.6667,45.1667,28.86,48,87,1.77,MG,1699379672
90,whitehorse,60.7161,-135.0538,-3.57,79,75,5.14,CA,1699379673
91,badiyah,22.45,58.8,23.59,75,19,5.3,OM,1699379673
92,tarauaca,-8.1614,-70.7656,32.3,52,94,0.8,BR,1699379673
93,qaqortoq,60.7167,-46.0333,3.09,49,100,3.9,GL,1699379673
94,shinyanga,-3.6667,33.4333,24.11,65,46,0.59,TZ,1699379673
95,santa cruz,-17.8,-63.1667,38.03,37,40,8.75,BO,1699379674
96,puerto carreno,6.189,-67.4859,28.99,74,40,1.54,CO,1699379674
97,sihanoukville,10.6093,103.5296,25.97,89,40,1.54,KH,1699379674
98,west island,-12.1568,96.8225,25.99,83,75,5.14,CC,1699379674
99,grand falls-windsor,48.9332,-55.6649,3.61,60,100,2.63,CA,1699379674
100,inhambane,-23.865,35.3833,25.99,94,40,5.36,MZ,1699379674
101,ilulissat,69.2167,-51.1,-0.99,40,75,5.66,GL,1699379674
102,saint-louis,16.3333,-15.0,32.8,19,93,5.05,SN,1699379675
103,i-n-salah,27.1935,2.4607,30.32,9,80,2.84,DZ,1699379675
104,rongelap,11.1635,166.8941,28.01,80,77,9.57,MH,1699379675
105,puerto montt,-41.4698,-72.9447,16.46,59,75,5.66,CL,1699379675
106,jamestown,42.097,-79.2353,11.4,81,100,7.2,US,1699379438
107,tambura,5.6,27.4667,23.41,83,97,2.05,SS,1699379676
108,cidreira,-30.1811,-50.2056,21.13,71,0,9.19,BR,1699379624
109,choma,-16.8065,26.9531,28.36,34,98,2.85,ZM,1699379676
110,kingisepp,59.3733,28.6134,6.11,95,98,2.08,RU,1699379676
111,colonia,50.9333,6.95,10.07,78,75,3.6,DE,1699379534
112,lozuvatka,48.0571,33.2858,11.62,57,19,2.76,UA,1699379676
113,portland,45.5234,-122.6762,12.48,94,75,4.12,US,1699379294
114,caldwell,43.6629,-116.6874,11.66,64,0,3.09,US,1699379441
115,ribeira grande,38.5167,-28.7,20.43,88,75,8.05,PT,1699379677
116,kure,34.2333,132.5667,11.4,69,0,3.23,JP,1699379677
117,labuan bajo,-8.4964,119.8877,25.45,82,25,2.63,ID,1699379677
118,dombarovskiy,50.7587,59.5386,4.16,55,39,4.58,RU,1699379678
119,fortuna,40.5982,-124.1573,14.4,92,75,2.57,US,1699379678
120,george town,5.4112,100.3354,26.96,94,20,1.54,MY,1699379389
121,artesia,33.8658,-118.0831,21.21,77,100,2.57,US,1699379527
122,hithadhoo,-0.6,73.0833,27.16,76,100,2.65,MV,1699379678
123,selfoss,63.9331,-20.9971,3.36,70,31,3.79,IS,1699379678
124,kapit,2.0167,112.9333,23.4,98,97,0.39,MY,1699379678
125,ola,59.5833,151.2833,-19.37,78,4,5.92,RU,1699379678
126,wawa,9.9022,4.4192,29.92,31,47,1.18,NG,1699379679
127,olyokminsk,60.3736,120.4264,-18.42,98,99,1.41,RU,1699379679
128,casalbordino-miracoli,42.1535,14.5991,15.83,85,80,1.71,IT,1699379679
129,wailea,19.8858,-155.123,26.27,81,20,2.06,US,1699379679
130,mount gambier,-37.8333,140.7667,9.49,97,76,1.65,AU,1699379679
131,pico truncado,-46.7949,-67.9573,19.33,18,79,4.8,AR,1699379680
132,port mathurin,-19.6833,63.4167,24.98,78,11,5.24,MU,1699379680
133,bilibino,68.0546,166.4372,-20.14,97,100,0.37,RU,1699379680
134,berezovyy,51.6667,135.7,-8.83,89,86,1.42,RU,1699379681
135,okakarara,-20.5833,17.4333,24.92,13,0,3.28,NA,1699379681
136,vorgashor,67.5833,63.95,0.17,99,100,2.97,RU,1699379681
137,chibougamau,49.9168,-74.3659,-3.21,93,100,3.6,CA,1699379681
138,middlesboro,36.6084,-83.7166,25.26,43,40,4.12,US,1699379681
139,queenstown,-31.8976,26.8753,12.9,80,59,4.32,ZA,1699379682
140,kingscliff,-28.2667,153.5667,17.07,94,83,0.0,AU,1699379682
141,merizo village,13.2658,144.6691,28.31,91,57,5.33,GU,1699379682
142,san pedro pochutla,15.7333,-96.4667,31.75,58,62,3.08,MX,1699379682
143,novyy urengoy,66.0833,76.6333,-1.16,97,100,4.55,RU,1699379682
144,udachny,66.4167,112.4,-22.4,100,73,0.87,RU,1699379682
145,north bend,43.4065,-124.2243,11.76,93,100,2.06,US,1699379683
146,tual,-5.6667,132.75,27.1,82,78,5.41,ID,1699379683
147,puerto ayora,-0.7393,-90.3518,28.98,77,49,3.58,EC,1699379684
148,lensk,60.7253,114.9278,-8.96,95,100,1.8,RU,1699379684
149,kulhudhuffushi,6.6221,73.07,28.05,75,100,3.01,MV,1699379684
150,petropavlovsk-kamchatsky,53.0452,158.6483,-6.67,58,75,4.0,RU,1699379685
151,pimentel,-6.8367,-79.9342,25.16,57,0,8.75,PE,1699379685
152,mariinsk,56.2139,87.7472,-12.64,96,60,1.74,RU,1699379685
153,la ronge,55.1001,-105.2842,-0.86,86,100,4.12,CA,1699379685
154,mata-utu,-13.2816,-176.1745,27.65,83,93,8.84,WF,1699379685
155,iskateley,67.6803,53.1512,0.64,99,100,3.88,RU,1699379686
156,richards bay,-28.783,32.0377,20.11,91,100,6.91,ZA,1699379686
157,dudinka,69.4058,86.1778,-10.21,92,100,12.72,RU,1699379686
158,fort bragg,35.139,-79.006,27.12,38,0,3.09,US,1699379686
159,invercargill,-46.4,168.35,9.45,87,100,0.98,NZ,1699379443
160,carutapera,-1.195,-46.02,30.27,60,92,5.25,BR,1699379686
161,castro,-24.7911,-50.0119,27.14,34,0,1.08,BR,1699379687
162,alofi,-19.0595,-169.9187,20.94,94,40,2.06,NU,1699379687
163,new norfolk,-42.7826,147.0587,12.72,98,69,1.1,AU,1699379687
164,lebu,-37.6167,-73.65,12.99,76,38,3.33,CL,1699379687
165,hermanus,-34.4187,19.2345,15.04,68,54,2.49,ZA,1699379687
166,nouadhibou,20.931,-17.0347,23.99,57,73,6.69,MR,1699379688
167,westport,41.1415,-73.3579,17.4,74,100,2.68,US,1699379417
168,paramonga,-10.6667,-77.8333,21.35,72,60,5.8,PE,1699379688
169,mahibadhoo,3.7833,72.9667,26.42,80,100,1.48,MV,1699379688
170,colombo,6.9319,79.8478,24.86,90,100,2.91,LK,1699379651
171,yuzhno-kurilsk,44.0306,145.8556,9.52,72,75,9.2,RU,1699379688
172,brigantine,39.4101,-74.3646,22.11,50,0,4.63,US,1699379460
173,taber,49.8167,-112.1518,6.91,84,85,6.69,CA,1699379689
174,hilo,19.7297,-155.09,26.45,92,20,2.06,US,1699379689
175,arraial do cabo,-22.9661,-42.0278,24.98,50,0,5.66,BR,1699379689
176,konobeyevo,55.4064,38.6625,8.92,86,99,4.98,RU,1699379689
177,walvis bay,-22.9575,14.5053,20.53,56,0,7.72,NA,1699379690
178,las terrenas,19.311,-69.5428,31.93,70,40,3.09,DO,1699379690
179,dothan,31.2232,-85.3905,26.8,44,0,2.57,US,1699379690
180,huangshan,29.7114,118.3125,10.87,72,30,0.71,CN,1699379690
181,port elizabeth,-33.918,25.5701,16.29,85,20,5.66,ZA,1699379690
182,kem',64.9555,34.5793,0.88,99,100,5.6,RU,1699379690
183,natal,-5.795,-35.2094,30.36,62,20,7.2,BR,1699379690
184,vicuna,-30.0319,-70.7081,32.65,20,0,4.15,CL,1699379691
185,neryungri,56.6709,124.6491,-23.04,97,100,0.04,RU,1699379691
186,tadine,-21.55,167.8833,20.72,78,81,7.95,NC,1699379691
187,osinovo,55.8809,48.881,5.05,98,100,1.8,RU,1699379691
188,aasiaat,68.7098,-52.8699,-7.29,74,100,6.43,GL,1699379691
189,saurimo,-9.6608,20.3916,22.76,74,63,1.29,AO,1699379691
190,ejura,7.3856,-1.3562,28.39,62,62,1.7,GH,1699379691
191,essaouira,31.5125,-9.77,22.72,26,5,8.23,MA,1699379691
192,olonkinbyen,70.9221,-8.7187,1.09,71,99,3.63,SJ,1699379692
193,lihue,21.9789,-159.3672,24.77,85,100,8.75,US,1699379692
194,bonthe,7.5264,-12.505,27.76,80,90,3.03,SL,1699379692
195,eydhafushi,5.1033,73.0708,26.76,78,99,1.14,MV,1699379692
196,susanville,40.4163,-120.653,6.06,85,40,0.89,US,1699379692
197,avarua,-21.2078,-159.775,23.03,56,40,6.69,CK,1699379692
198,victoria point,-27.5833,153.3,20.66,88,92,2.35,AU,1699379692
199,pont rouge,48.8833,-72.0825,1.16,97,100,5.16,CA,1699379693
200,utrik,11.2278,169.8474,27.78,78,99,10.46,MH,1699379693
201,crane,31.3974,-102.3501,27.86,22,0,3.4,US,1699379693
202,lyskovo,56.0328,45.0422,7.02,95,83,2.86,RU,1699379693
203,beihai,21.4833,109.1,24.72,83,79,3.88,CN,1699379693
204,coahuayana de hidalgo,18.7,-103.6583,31.35,64,79,1.77,MX,1699379693
205,urbano santos,-3.2078,-43.4036,36.84,34,93,3.86,BR,1699379694
206,ubon ratchathani,15.1667,105.1667,24.94,89,99,0.49,TH,1699379694
207,susuman,62.7833,148.1667,-24.97,100,99,0.49,RU,1699379694
208,chui,-33.6971,-53.4616,25.12,63,1,6.04,UY,1699379694
209,lompoc,34.6391,-120.4579,20.43,74,0,6.69,US,1699379694
210,riohacha,11.5444,-72.9072,32.06,79,20,3.09,CO,1699379694
211,weiser,44.251,-116.9693,10.73,73,53,0.45,US,1699379694
212,kerikeri,-35.2268,173.9474,11.06,91,68,4.13,NZ,1699379695
213,san patricio,28.017,-97.5169,29.4,42,95,5.69,US,1699379695
214,namtsy,62.7161,129.6658,-28.7,100,19,0.89,RU,1699379695
215,prince rupert,54.3161,-130.3201,6.83,88,100,10.8,CA,1699379695
216,taksimo,56.3444,114.8794,-11.57,89,100,0.82,RU,1699379695
217,la gi,10.6667,107.7833,25.08,88,96,2.21,VN,1699379696
218,sharlyk,52.9167,54.75,5.68,71,100,6.84,RU,1699379696
219,plettenberg bay,-34.0527,23.3716,15.39,77,86,3.27,ZA,1699379696
220,flin flon,54.7682,-101.865,-2.09,93,100,3.6,CA,1699379696
221,dhankuta,26.9833,87.3333,12.17,88,4,2.75,NP,1699379696
222,aykhal,66.0,111.5,-20.21,100,57,1.33,RU,1699379696
223,alaghsas,17.0187,8.0168,31.94,9,0,5.14,NE,1699379696
224,okhotsk,59.3833,143.3,-16.74,78,3,6.5,RU,1699379697
225,huarmey,-10.0681,-78.1522,22.58,69,22,6.06,PE,1699379697
226,kapuskasing,49.4169,-82.4331,-1.95,74,75,5.66,CA,1699379697
227,kotri,25.366,68.3122,28.11,29,0,2.43,PK,1699379697
228,mount pearl,47.5166,-52.7813,4.98,61,75,3.09,CA,1699379697
229,kingston,17.997,-76.7936,31.53,58,20,1.54,JM,1699379697
230,kodiak,57.79,-152.4072,-2.27,93,40,2.06,US,1699379697
231,banda aceh,5.5577,95.3222,26.34,84,93,1.59,ID,1699379698
232,isangel,-19.55,169.2667,22.74,82,99,6.22,VU,1699379698
233,mutoko,-17.397,32.2268,26.99,32,93,2.04,ZW,1699379698
234,mgandu,-5.95,34.1333,21.57,62,61,0.37,TZ,1699379698
235,saipan,15.1355,145.701,27.39,83,40,3.6,MP,1699379698
236,laguna,38.421,-121.4238,17.27,92,75,2.57,US,1699379698
237,ozark,37.0209,-93.206,25.6,67,16,1.79,US,1699379698
238,moog,8.6011,124.4658,26.21,87,100,1.86,PH,1699379698
239,kirkland lake,48.1446,-80.0377,-2.84,74,100,5.14,CA,1699379699
240,rio grande,-32.035,-52.0986,28.06,69,0,8.0,BR,1699379500
241,ciampea,-6.5547,106.7008,29.02,83,100,0.49,ID,1699379699
242,kourou,5.1552,-52.6478,32.03,64,41,4.76,GF,1699379699
243,shinjo,38.7586,140.3008,10.04,79,99,6.66,JP,1699379699
244,patacamaya,-17.2333,-67.9167,20.45,28,99,6.33,BO,1699379699
245,san jose del guaviare,2.5729,-72.6459,28.77,73,99,1.33,CO,1699379700
246,saint-francois,46.4154,3.9054,7.6,87,0,1.54,FR,1699379700
247,cururupu,-1.8283,-44.8683,30.71,58,83,3.88,BR,1699379700
248,gebeit,21.0667,36.3167,25.19,63,8,5.22,SD,1699379700
249,altay,47.8667,88.1167,-7.38,76,57,2.74,CN,1699379700
250,lupiro,-8.3833,36.6667,26.15,61,3,2.82,TZ,1699379700
251,priozersk,61.0393,30.1291,6.11,88,100,1.53,RU,1699379701
252,fedorovka,53.6314,62.7078,2.29,66,99,3.43,KZ,1699379701
253,nuuk,64.1835,-51.7216,1.34,37,75,4.12,GL,1699379701
254,shakhun'ya,57.6758,46.6114,7.1,96,100,3.01,RU,1699379701
255,tolanaro,-25.0319,46.9987,24.04,73,20,9.77,MG,1699379701
256,yaren,-0.5472,166.916,29.0,75,100,6.54,NR,1699379702
257,abeche,13.8292,20.8324,30.92,18,52,3.27,TD,1699379702
258,chonchi,-42.6128,-73.8092,14.51,57,83,3.92,CL,1699379702
259,afaahiti,-17.75,-149.2833,24.93,84,92,10.17,PF,1699379702
260,al qusiyah,27.4402,30.8184,27.15,21,0,4.4,EG,1699379702
261,nizhnekamsk,55.6366,51.8245,6.44,81,0,4.0,RU,1699379703
262,altai,46.3722,96.2583,-12.31,82,99,1.03,MN,1699379703
263,barra de santo antonio,-9.4047,-35.5072,29.6,62,44,4.72,BR,1699379703
264,palasa,18.7667,84.4167,23.78,84,21,1.27,IN,1699379703
265,livingston,55.9029,-3.5226,8.6,82,40,3.09,GB,1699379704
266,ndelele,4.0333,14.9333,24.01,82,72,0.57,CM,1699379704
267,masaka,-0.3338,31.7341,18.59,85,19,2.02,UG,1699379704
268,enewetak,11.3474,162.3373,28.25,71,100,10.27,MH,1699379704
269,nuku'alofa,-21.1333,-175.2,22.19,100,20,2.06,TO,1699379705
270,tabou,4.423,-7.3528,26.8,83,55,3.62,CI,1699379705
271,liperi,62.5333,29.3667,2.26,100,100,1.54,FI,1699379705
272,uturoa,-16.7333,-151.4333,25.39,79,92,11.06,PF,1699379706
273,madimba,-10.4,40.3333,26.62,78,20,5.14,TZ,1699379706
274,arvayheer,46.2639,102.775,-13.8,66,100,2.66,MN,1699379706
275,vila franca do campo,37.7167,-25.4333,21.05,99,45,6.4,PT,1699379706
276,port lincoln,-34.7333,135.8667,13.47,86,19,5.35,AU,1699379707
277,nema,57.5067,50.5011,5.1,98,100,2.25,RU,1699379707
278,broken hill,-31.95,141.4333,20.11,58,17,7.42,AU,1699379708
279,odesskoye,54.2111,72.9651,1.27,53,95,2.44,RU,1699379708
280,kimbe,-5.5502,150.1429,24.28,90,86,1.98,PG,1699379708
281,gizo,-8.103,156.8419,27.24,81,100,2.77,SB,1699379708
282,arteche,12.2645,125.4048,26.89,89,99,4.87,PH,1699379709
283,touros,-5.1989,-35.4608,28.94,57,95,6.86,BR,1699379709
284,bouza,14.4229,6.0428,29.57,11,60,2.6,NE,1699379709
285,berwick-upon-tweed,55.7833,-2.0,8.89,85,16,3.31,GB,1699379709
286,tralee,52.2704,-9.7026,9.14,87,40,4.63,IE,1699379710
287,marsabit,2.3284,37.9899,20.7,76,98,4.09,KE,1699379710
288,idri,27.5,13.2667,25.3,17,2,2.87,LY,1699379710
289,khandyga,62.6667,135.6,-34.14,100,21,0.19,RU,1699379710
290,sullana,-4.9039,-80.6853,32.55,35,12,5.14,PE,1699379710
291,kill devil hills,36.0307,-75.676,22.01,52,0,4.12,US,1699379711
292,karratha,-20.7377,116.8463,27.64,69,1,4.73,AU,1699379469
293,ancud,-41.8697,-73.8203,11.57,72,77,6.26,CL,1699379711
294,san rafael,-34.6177,-68.3301,31.79,9,2,4.33,AR,1699379711
295,acarau,-2.8856,-40.12,30.47,55,73,8.97,BR,1699379711
296,spring creek,40.7266,-115.5859,5.49,74,92,2.54,US,1699379711
297,el calafate,-50.3408,-72.2768,10.61,63,16,6.43,AR,1699379712
298,dryden,49.7833,-92.7503,-5.84,86,75,5.66,CA,1699379712
299,kaoma,-14.7833,24.8,24.53,52,82,1.92,ZM,1699379667
300,alice springs,-23.7,133.8833,19.75,21,82,2.57,AU,1699379712
301,alliance,40.9153,-81.1059,16.4,68,56,6.24,US,1699379712
302,san andres,12.5847,-81.7006,28.01,89,40,3.09,CO,1699379713
303,zavodskoy,43.4597,132.2922,-6.23,79,8,2.0,RU,1699379713
304,ta`u,-14.2336,-169.5144,26.49,85,100,8.97,AS,1699379713
305,nantucket,41.2835,-70.0995,16.12,86,100,6.69,US,1699379713
306,tabas,33.5959,56.9244,18.12,39,49,2.06,IR,1699379714
307,flat river,37.8501,-90.5168,24.7,68,0,0.0,US,1699379714
308,pasni,25.2631,63.471,25.71,72,1,2.23,PK,1699379714
309,wynyard,-41.0,145.7167,15.69,87,87,5.38,AU,1699379714
310,bloomington,44.8408,-93.2983,6.46,80,100,6.17,US,1699379714
311,simanggang,1.2472,111.4528,23.99,100,69,0.0,MY,1699379714
312,nabisar,25.0685,69.6419,27.58,28,0,2.49,PK,1699379715
313,zakynthos,37.7914,20.8953,18.69,77,20,0.0,GR,1699379715
314,igarka,67.4667,86.5833,-10.55,92,100,11.51,RU,1699379715
315,coxim,-18.5067,-54.76,43.09,17,43,3.13,BR,1699379715
316,mpika,-11.8343,31.4529,19.69,68,75,0.32,ZM,1699379715
317,palikir - national government center,6.9248,158.1611,27.41,83,100,2.06,FM,1699379715
318,novodvinsk,64.4165,40.8122,0.44,99,100,1.6,RU,1699379692
319,baise city,23.8997,106.6133,19.55,95,99,0.93,CN,1699379716
320,andergrove,-21.0833,149.1833,21.47,82,15,4.45,AU,1699379716
321,clarion,41.2148,-79.3853,17.15,67,64,0.45,US,1699379716
322,kone,-21.0595,164.8658,18.54,86,38,2.3,NC,1699379717
323,kasongo-lunda,-6.4667,16.8167,25.96,73,71,0.85,CD,1699379718
324,howrah,22.5892,88.3103,25.0,73,20,0.0,IN,1699379718
325,buulobarde,3.8538,45.5674,27.69,68,62,4.76,SO,1699379718
326,sandnessjoen,66.0217,12.6316,4.12,87,75,2.57,NO,1699379718
327,constantia,44.1833,28.65,12.61,66,100,4.11,RO,1699379719
328,quelimane,-17.8786,36.8883,27.97,88,20,5.81,MZ,1699379719
329,la carlota,10.4233,122.9208,26.04,86,85,2.49,PH,1699379719
330,arkhangel'sk,64.5401,40.5433,0.63,99,100,1.8,RU,1699379719
331,khasab,26.1799,56.2477,27.38,58,6,0.69,OM,1699379719
332,egilsstadir,65.2653,-14.3948,-0.05,93,100,1.03,IS,1699379719
333,sinabang,2.4803,96.3801,25.71,86,100,1.75,ID,1699379719
334,labuan,5.2767,115.2417,27.2,83,20,1.03,MY,1699379720
335,choele choel,-39.2667,-65.6833,23.03,16,78,17.15,AR,1699379720
336,tashtagol,52.7657,87.8894,-6.18,98,100,0.65,RU,1699379720
337,zaozersk,69.4005,32.4476,-1.36,87,100,2.97,RU,1699379720
338,werribee,-37.9,144.6667,18.8,72,17,1.34,AU,1699379720
339,kenora,49.8167,-94.4337,-3.46,86,75,4.12,CA,1699379721
340,st. john's,47.5649,-52.7093,5.44,61,75,3.09,CA,1699379721
341,mana,5.6592,-53.7767,30.08,70,72,5.95,GF,1699379721
342,talnakh,69.4865,88.3972,-10.44,77,100,9.39,RU,1699379721
343,magadan,59.5667,150.8,-19.71,77,3,5.42,RU,1699379722
344,codrington,-38.2667,141.9667,9.3,97,35,1.91,AU,1699379722
345,gonda city,27.1333,81.9333,19.95,42,0,2.02,IN,1699379722
346,kiunga,-6.1219,141.2906,22.27,99,84,1.01,PG,1699379723
347,teloloapan,18.35,-99.85,25.12,52,42,1.19,MX,1699379723
348,hasaki,35.7333,140.8333,12.22,58,14,6.89,JP,1699379723
349,vilyuchinsk,52.9306,158.4028,-5.85,64,100,6.63,RU,1699379723
350,macapa,0.0389,-51.0664,33.99,55,20,5.66,BR,1699379723
351,kirakira,-10.4544,161.9205,24.86,95,100,2.0,SB,1699379723
352,goundam,16.4145,-3.6708,34.15,16,5,0.88,ML,1699379724
353,penonome,8.5167,-80.3667,29.49,80,98,1.98,PA,1699379724
354,karapinar,37.716,33.5506,15.83,46,0,2.62,TR,1699379724
355,mount isa,-20.7333,139.5,20.87,56,3,0.0,AU,1699379724
356,punta arenas,-53.15,-70.9167,11.01,66,75,5.14,CL,1699379724
357,luquillo,18.3725,-65.7166,31.0,94,100,1.54,PR,1699379725
358,liman,48.9884,37.8023,9.85,74,2,4.4,UA,1699379725
359,ambon,-3.6954,128.1814,26.71,14,40,2.57,ID,1699379725
360,ugoofaaru,5.6667,73.0,27.22,79,96,2.19,MV,1699379725
361,kapa'a,22.0752,-159.319,25.18,88,100,8.75,US,1699379726
362,keflavik,64.0049,-22.5624,4.24,75,40,8.23,IS,1699379632
363,griffith,41.5284,-87.4237,13.47,67,75,4.63,US,1699379726
364,remire-montjoly,4.9167,-52.2667,32.02,62,0,4.12,GF,1699379679
365,big rapids,43.6981,-85.4837,7.4,68,100,3.6,US,1699379726
366,marki,52.3206,21.1047,11.74,72,0,1.54,PL,1699379726
367,surgut,61.25,73.4167,-2.9,92,0,3.13,RU,1699379726
368,nora,59.5193,15.0398,5.66,100,97,0.89,SE,1699379727
369,tofol,5.3248,163.0078,28.07,77,100,3.79,FM,1699379727
370,sechura,-5.5569,-80.8222,26.61,56,11,6.92,PE,1699379727
371,port saint john's,-31.6229,29.5448,19.14,78,100,5.95,ZA,1699379727
372,mhangura,-16.8939,30.1683,25.87,40,82,1.21,ZW,1699379728
373,castillos,-34.1667,-53.8333,24.39,65,2,5.94,UY,1699379728
374,urcos,-13.6861,-71.6228,23.94,37,90,5.24,PE,1699379728
375,santiago de cao,-7.9589,-79.2392,21.07,78,72,5.66,PE,1699379728
376,whakatane,-37.9585,176.9854,10.99,96,99,1.34,NZ,1699379728
377,bereznik,62.8551,42.7072,4.09,96,100,3.53,RU,1699379728
378,nova sintra,14.8667,-24.7167,24.03,72,100,6.58,CV,1699379729
379,rio verde,21.9333,-99.9833,25.74,40,34,1.78,MX,1699379729
380,narrabri,-30.3167,149.7833,20.29,63,82,3.58,AU,1699379729
381,maintirano,-18.0667,44.0167,26.79,83,3,2.65,MG,1699379729
382,pisco,-13.7,-76.2167,22.23,68,0,4.63,PE,1699379677
383,lenoir,35.2335,-77.6497,26.19,38,0,4.63,US,1699379730
384,dhromolaxia,34.8755,33.5868,22.58,75,20,1.34,CY,1699379730
385,arnprior,45.4334,-76.3494,6.75,75,100,6.93,CA,1699379447
386,gadzhiyevo,69.2551,33.3362,0.56,77,100,5.02,RU,1699379730
387,male,4.1748,73.5089,27.97,83,75,3.09,MV,1699379730
388,commerce,34.0006,-118.1598,21.73,75,100,0.0,US,1699379731
389,caleta de carquin,-11.0925,-77.6267,21.82,69,35,5.81,PE,1699379731
390,kerouane,9.2667,-9.0167,26.1,71,62,0.79,GN,1699379731
391,borujerd,33.8973,48.7516,13.3,41,0,2.24,IR,1699379731
392,newport,51.5877,-2.9984,10.3,86,5,3.62,GB,1699379503
393,sitka,57.0531,-135.33,3.94,93,100,1.54,US,1699379732
394,alo,7.4178,6.7371,27.61,80,78,1.8,NG,1699379732
395,tazacorte,28.629,-17.9293,21.54,67,20,7.72,ES,1699379732
396,sertanopolis,-23.0586,-51.0364,33.04,24,0,2.01,BR,1699379733
397,anna regina,7.2644,-58.5077,30.09,67,85,3.5,GY,1699379733
398,dickinson,29.4608,-95.0513,30.09,72,75,6.17,US,1699379723
399,metlili chaamba,32.2667,3.6333,23.52,29,40,5.14,DZ,1699379733
400,hanover,52.3705,9.7332,10.67,87,20,3.6,DE,1699379733
401,kariong,-33.44,151.3011,15.49,95,42,1.45,AU,1699379734
402,bukama,-9.2,25.85,22.66,82,34,1.01,CD,1699379734
403,don sak,9.3168,99.6918,27.3,78,87,1.75,TH,1699379734
404,kokemaki,61.2565,22.3564,4.88,95,100,1.92,FI,1699379734
405,happy valley-goose bay,53.3168,-60.3315,-1.83,59,100,3.09,CA,1699379735
406,langepas,61.2544,75.2124,-1.97,94,100,3.52,RU,1699379735
407,kayes,14.0,-11.0,34.8,14,42,3.04,ML,1699379735
408,nova vicosa,-17.8919,-39.3719,25.59,56,43,5.68,BR,1699379703
409,saudarkrokur,65.7461,-19.6394,-0.02,68,5,2.65,IS,1699379736
410,tromso,69.6496,18.957,3.01,75,75,4.12,NO,1699379736
411,hadibu,12.65,54.0333,26.57,73,42,3.7,YE,1699379736
412,haiku-pauwela,20.9219,-156.3051,25.02,84,40,8.75,US,1699379736
413,ceerigaabo,10.6162,47.368,18.44,49,100,2.6,SO,1699379737
414,cabrobo,-8.5142,-39.31,36.18,25,85,5.9,BR,1699379737
415,tawau,4.2498,117.8871,25.07,87,68,2.09,MY,1699379737
416,kani keli,-12.9536,45.1033,27.59,73,5,3.25,YT,1699379737
417,shingu,33.7333,135.9833,11.92,80,47,3.01,JP,1699379737
418,zhosaly,45.4878,64.0781,10.9,40,1,4.37,KZ,1699379737
419,petawawa,45.9001,-77.3328,1.77,72,100,7.2,CA,1699379738
420,qoryooley,1.7878,44.53,26.39,84,83,3.97,SO,1699379738
421,sao tome,0.3365,6.7273,27.15,79,97,4.0,ST,1699379738
422,tocopilla,-22.092,-70.1979,21.5,68,40,6.05,CL,1699379738
423,pokaran,26.9167,71.9167,27.49,25,2,3.44,IN,1699379738
424,bikenibeu village,1.3673,173.1241,26.98,89,20,0.0,KI,1699379738
425,leava,-14.3,-178.1667,27.37,80,100,7.84,WF,1699379738
426,myingyan,21.4667,95.3833,25.15,72,79,1.41,MM,1699379739
427,gisborne,-38.6533,178.0042,12.32,88,100,9.14,NZ,1699379739
428,illizi,26.4833,8.4667,30.89,11,37,5.41,DZ,1699379739
429,poronaysk,49.2167,143.1167,-0.16,85,100,7.62,RU,1699379739
430,kijang,35.2442,129.2139,5.85,34,0,1.64,KR,1699379739
431,okeho,8.0333,3.35,25.19,83,79,2.03,NG,1699379740
432,tres lagoas,-20.7511,-51.6783,38.45,17,23,1.94,BR,1699379740
433,taroa,8.7058,171.2275,27.91,79,99,8.83,MH,1699379740
434,byron bay,-28.65,153.6167,13.73,77,84,1.81,AU,1699379740
435,page,36.9147,-111.4558,21.88,19,0,5.66,US,1699379570
436,sept-iles,50.2001,-66.3821,0.29,97,100,8.75,CA,1699379521
437,sao vicente,-23.9631,-46.3919,31.1,41,0,4.12,BR,1699379700
438,al hawatah,13.4167,34.6333,32.27,35,97,2.52,SD,1699379741
439,salinopolis,-0.6136,-47.3561,29.41,67,87,5.76,BR,1699379741
440,shambu,9.5667,37.1,11.51,83,70,0.87,ET,1699379741
441,ust'-kulom,61.6864,53.6902,3.01,97,100,2.94,RU,1699379741
442,calafell,41.2,1.5683,15.05,56,2,5.18,ES,1699379741
443,szczecinek,53.7079,16.6994,8.2,86,85,3.74,PL,1699379742
444,sao francisco de paula,-29.4481,-50.5836,30.94,32,0,1.02,BR,1699379742
445,geraldton,-28.7667,114.6,15.23,88,40,4.12,AU,1699379742
446,kalabo,-14.97,22.6814,26.07,50,92,2.28,ZM,1699379742
447,aleg,17.0481,-13.9209,32.04,19,100,5.2,MR,1699379742
448,nemuro,43.3236,145.575,9.91,76,15,9.08,JP,1699379743
449,cannonvale,-20.2833,148.7,23.66,83,24,4.33,AU,1699379743
450,umm ruwaba,12.9061,31.2158,30.4,44,89,3.56,SD,1699379743
451,kayyerkan,69.3786,87.7439,-10.39,78,100,9.08,RU,1699379743
452,volchikha,52.0333,80.3833,-5.4,92,31,1.56,RU,1699379743
453,labrador city,52.9463,-66.9114,-7.05,93,100,3.6,CA,1699379743
454,al kharijah,25.4514,30.5464,26.68,17,0,4.63,EG,1699379743
455,berdigestyakh,62.0989,126.6992,-29.44,100,32,1.24,RU,1699379744
456,gainesville,29.6516,-82.3248,27.82,33,0,0.0,US,1699379695
457,binka,21.0333,83.8,20.61,55,5,0.26,IN,1699379744
458,cestos city,5.46,-9.5828,27.08,80,49,2.99,LR,1699379744
459,boyolangu,-8.1181,111.8935,24.42,90,98,0.64,ID,1699379744
460,tarawa,1.419,172.984,27.05,89,20,0.0,KI,1699379744
461,siwa oasis,29.2041,25.5195,25.59,39,0,2.21,EG,1699379745
462,ambovombe,-25.1667,46.0833,23.76,74,17,2.82,MG,1699379745
463,labytnangi,66.6572,66.4183,-0.43,98,94,1.83,RU,1699379745
464,guarapari,-20.6667,-40.4975,24.38,58,10,4.64,BR,1699379745
465,bubaque,11.2833,-15.8333,29.52,71,10,4.37,GW,1699379745
466,yanbu,24.0891,38.0637,30.02,74,0,5.14,SA,1699379745
467,iyidere,41.0119,40.3619,18.98,62,0,2.68,TR,1699379745
468,katsuren-haebaru,26.3369,127.8719,21.01,88,0,1.54,JP,1699379746
469,valdivia,-39.8142,-73.2459,15.05,58,12,3.99,CL,1699379746
470,san jose de jachal,-30.2406,-68.7469,37.43,3,0,7.26,AR,1699379746
471,bathsheba,13.2167,-59.5167,29.34,84,20,6.17,BB,1699379746
472,bosaso,11.2842,49.1816,26.88,74,71,0.85,SO,1699379746
473,rikaze,29.25,88.8833,0.98,45,12,1.25,CN,1699379746
474,taipei,25.0478,121.5319,24.43,57,40,6.69,TW,1699379516
475,cudahy,33.9606,-118.1853,21.71,74,100,2.57,US,1699379747
476,tangalle,6.024,80.7911,25.39,87,95,1.21,LK,1699379500
477,peniche,39.3558,-9.3811,15.72,66,76,3.82,PT,1699379747
478,fort st. john,56.2499,-120.8529,-1.06,100,75,4.63,CA,1699379747
479,taro,-8.3862,115.28,22.0,94,47,0.31,ID,1699379747
480,cockburn town,21.4612,-71.1419,30.98,62,40,2.57,TC,1699379747
481,germencik,37.8706,27.6028,19.81,84,0,1.5,TR,1699379748
482,ouadda,8.0777,22.4007,23.41,74,90,1.34,CF,1699379748
483,marang,5.2056,103.2059,25.95,88,99,1.61,MY,1699379748
484,turpan,42.9333,89.1667,7.26,18,5,0.74,CN,1699379748
485,balestrate,38.0513,13.0072,23.78,68,40,3.09,IT,1699379748
486,amungan,15.3652,119.9582,26.91,75,50,1.78,PH,1699379748
487,san vicente,-26.6167,-54.1333,31.29,30,0,2.61,AR,1699379749
488,sharanga,57.1775,46.5396,9.01,96,100,2.61,RU,1699379749
489,vyazemskiy,47.5378,134.7525,-8.83,98,98,1.01,RU,1699379749
490,estevan,49.1334,-102.9842,4.19,93,100,7.2,CA,1699379749
491,rosetta,31.4044,30.4164,22.52,78,0,4.67,EG,1699379749
492,masvingo,-20.0637,30.8277,26.52,40,91,2.96,ZW,1699379749
493,ataq,14.5377,46.8319,22.85,53,49,3.42,YE,1699379750
494,fale old settlement,-9.3852,-171.2468,28.89,72,79,6.69,TK,1699379750
495,mingshui,36.7167,117.5,11.18,40,91,5.53,CN,1699379750
496,aberdeen,57.1437,-2.0981,7.27,90,58,3.09,GB,1699379619
497,jaguarari,-10.2639,-40.1958,29.01,45,82,6.0,BR,1699379750
498,waddan,29.1614,16.139,25.57,22,0,5.06,LY,1699379750
499,monrovia,6.3005,-10.7969,27.32,82,33,3.45,LR,1699379658
500,lowell,42.6334,-71.3162,19.23,68,40,5.66,US,1699379604
501,ebolowa,2.9,11.15,21.7,98,100,1.17,CM,1699379751
502,forster,-32.1667,152.5167,15.46,91,29,2.85,AU,1699379751
503,cabo san lucas,22.8909,-109.9124,31.14,69,75,2.06,MX,1699379565
504,jonuta,18.0833,-92.1333,28.67,72,94,2.04,MX,1699379751
505,severnoye,56.3491,78.3619,-3.97,94,76,3.01,RU,1699379751
506,gorom-gorom,14.4439,-0.2361,33.45,12,23,3.42,BF,1699379751
507,harper,4.375,-7.7169,26.82,82,64,3.77,LR,1699379752
508,zabol,32.25,67.25,11.64,58,45,2.81,AF,1699379752
509,carbonear,47.7332,-53.2148,5.69,53,100,2.6,CA,1699379752
510,tobelo,1.7284,128.0095,26.63,80,70,0.94,ID,1699379752
511,kenitra,34.261,-6.5802,16.42,54,0,5.14,MA,1699379752
512,kirensk,57.7853,108.1119,-9.18,91,100,2.55,RU,1699379752
513,armacao de buzios,-22.7469,-41.8817,26.03,62,16,4.59,BR,1699379634
514,narasannapeta,18.4167,84.05,24.83,80,50,1.21,IN,1699379753
515,takoradi,4.8845,-1.7554,26.74,83,89,4.15,GH,1699379753
516,moram,17.8,76.4667,23.96,58,56,4.91,IN,1699379753
517,badger,64.8,-147.5333,-8.05,89,100,0.0,US,1699379753
518,tartagal,-22.5164,-63.8013,43.7,17,5,5.12,AR,1699379753
519,trincomalee,8.5711,81.2335,27.39,80,86,2.32,LK,1699379753
520,alpena,45.0617,-83.4327,2.18,85,100,7.2,US,1699379754
521,conception bay south,47.4999,-52.9981,5.31,61,100,2.29,CA,1699379589
522,acheng,45.5454,126.977,-15.38,96,36,2.77,CN,1699379754
523,juuka,63.2333,29.25,2.0,97,100,2.27,FI,1699379754
524,mombetsu,44.3525,143.3525,8.34,82,70,9.04,JP,1699379754
525,zaragoza,41.6561,-0.8773,13.34,43,20,3.6,ES,1699379754
526,axim,4.8699,-2.2405,26.89,82,99,3.39,GH,1699379755
527,piggs peak,-25.9667,31.25,14.94,73,100,1.1,SZ,1699379755
528,pedernales,18.0384,-71.744,28.9,70,58,2.59,DO,1699379755
529,portoferraio,42.8115,10.3146,19.98,71,40,4.12,IT,1699379755
530,smirnykh,49.75,142.8333,-1.21,85,100,4.12,RU,1699379756
531,itoman,26.1247,127.6694,21.01,73,9,3.09,JP,1699379756
532,porto novo,6.4965,2.6036,28.9,81,89,2.64,BJ,1699379756
533,robore,-18.3333,-59.75,36.05,44,89,7.72,BO,1699379756
534,myskhako,44.6714,37.7433,7.88,75,2,0.14,RU,1699379756
535,urangan,-25.3,152.9,21.11,66,73,5.66,AU,1699379757
536,oshakati,-17.7833,15.6833,33.01,15,0,0.99,NA,1699379757
537,aweil,8.7682,27.4002,28.04,58,53,0.26,SS,1699379757
538,zagora,30.3484,-5.8365,20.87,29,1,10.49,MA,1699379757
539,hami,42.8,93.45,3.97,30,14,0.87,CN,1699379757
540,mahdia,35.5047,11.0622,22.97,81,90,8.45,TN,1699379757
541,vernon,50.2581,-119.2691,7.56,91,100,2.06,CA,1699379758
542,hauterive,46.0901,3.4459,9.42,75,100,1.81,FR,1699379758
543,rizokarpaso,35.6,34.375,22.52,76,0,2.7,CY,1699379758
544,ribas do rio pardo,-20.4431,-53.7592,41.15,10,6,2.98,BR,1699379758
545,key west,24.5557,-81.7826,27.0,76,0,5.14,US,1699379539
546,vila velha,-20.3297,-40.2925,25.97,63,20,7.72,BR,1699379759
547,caconda,-13.7333,15.0667,22.01,58,78,2.0,AO,1699379759
548,ruteng,-8.6136,120.4721,16.84,85,54,0.74,ID,1699379759
549,freetown,8.484,-13.2299,27.61,80,92,2.54,SL,1699379759
550,kathu,7.9178,98.3332,24.9,76,99,1.71,TH,1699379759
551,sarmiento,-45.5882,-69.07,18.37,25,50,14.38,AR,1699379759
552,piranshahr,36.701,45.1413,11.26,70,0,0.56,IR,1699379760
553,talavera de la reina,39.9635,-4.8308,8.25,88,53,1.42,ES,1699379760
554,ad dilam,23.9915,47.1627,26.23,29,0,3.7,SA,1699379760
555,hadano,35.3711,139.2236,17.79,65,44,3.44,JP,1699379760
556,gereida,11.2811,25.1414,31.11,24,44,3.03,SD,1699379760
557,praia da vitoria,38.7333,-27.0667,21.14,73,20,10.67,PT,1699379760
558,rong'an,26.1247,119.1214,16.03,82,86,1.0,CN,1699379761
559,puerto lempira,15.2667,-83.7667,28.08,78,75,2.06,HN,1699379761
560,shenkursk,62.1091,42.896,3.96,97,100,4.14,RU,1699379761
561,tailai,46.3833,123.4,-7.73,81,55,4.16,CN,1699379761
562,kyaukse,21.6,96.1333,23.44,84,73,1.55,MM,1699379761
563,ulaangom,49.9811,92.0667,-5.64,73,100,1.92,MN,1699379762
564,pemalang,-6.9,109.3667,26.6,82,95,1.71,ID,1699379762
565,gulf shores,30.246,-87.7008,28.49,58,20,4.63,US,1699379603
566,quibala,-10.7337,14.98,19.89,93,98,0.97,AO,1699379762
567,marienberg,50.65,13.1667,7.35,84,94,4.05,DE,1699379762
568,yreka,41.7354,-122.6345,6.31,87,0,0.0,US,1699379762
569,don luan,11.5333,106.9167,23.0,97,100,0.85,VN,1699379763
570,pacific grove,36.6177,-121.9166,15.79,89,75,1.54,US,1699379763
571,salekhard,66.53,66.6019,0.31,99,98,2.34,RU,1699379763
572,port douglas,-16.4833,145.4667,23.69,84,80,3.19,AU,1699379763
573,bokkos,9.3,9.0,21.77,37,100,2.12,NG,1699379764
574,micheweni,-4.9667,39.8333,25.83,84,100,3.71,TZ,1699379764
575,south tamworth,43.8248,-71.3031,15.44,81,100,4.51,US,1699379764
576,visby,57.6409,18.296,9.12,93,75,5.14,SE,1699379764
577,ciudad de allende,25.2833,-100.0167,29.94,41,46,2.75,MX,1699379764
578,conde,-7.2597,-34.9075,29.7,62,40,7.2,BR,1699379764
579,sovetskaya gavan',48.9723,140.2878,-1.74,80,96,6.38,RU,1699379765
580,skovorodino,53.9833,123.9167,-10.19,61,100,1.64,RU,1699379765
581,chulakkurgan,43.765,69.1814,12.77,48,100,2.52,KZ,1699379765
582,tolga,34.7222,5.3785,24.45,46,100,11.56,DZ,1699379765
583,boden,65.8252,21.6886,-1.0,98,100,1.6,SE,1699379765
